text,spam
subject:Beatae est possimus esse tempore sapiente consectetur ratione,1
subject:There are three primany school in our village.,1
subject:how are you bangladesh.  I am fine and you.I am very well.,1
subject:Beatae est possimus esse tempore sapiente consectetur ratione,1
subject:There are three primany school in our village.,1
subject:how are you bangladesh.  I am fine and you.I am very well.,1
subject:Beatae est possimus esse tempore sapiente consectetur ratione,1
subject:There are three primany school in our village.,1
subject:how are you bangladesh.  I am fine and you.I am very well.,1
subject:Beatae est possimus esse tempore sapiente consectetur ratione,1
subject:There are three primany school in our village.,1
subject:how are you bangladesh.  I am fine and you.I am very well.,1
subject:Beatae est possimus esse tempore sapiente consectetur ratione,1
subject:There are three primany school in our village.,1
subject:how are you bangladesh.  I am fine and you.I am very well.,1
subject:Beatae est possimus esse tempore sapiente consectetur ratione,1
subject:There are three primany school in our village.,1
subject:how are you bangladesh.  I am fine and you.I am very well.,1
subject:how are you bangladesh.  I am fine and you.I am very well.,1
subject:how are you bangladesh.  I am fine and you.I am very well.,1
subject:how are you bangladesh.  I am fine and you.I am very well.,1
subject:how are you bangladesh.  I am fine and you.I am very well.,1
subject:how are you bangladesh.  I am fine and you.I am very well.,1
subject:how are you bangladesh.  I am fine and you.I am very well.,1
subject:how are you bangladesh.  I am fine and you.I am very well.,1
subject:how are you bangladesh.  I am fine and you.I am very well.,1
subject:how are you bangladesh.  I am fine and you.I am very well.,1
subject:how are you bangladesh.  I am fine and you.I am very well.,1
subject:how are you bangladesh.  I am fine and you.I am very well.,1
subject:how are you bangladesh.  I am fine and you.I am very well.,1
subject:how are you bangladesh.  I am fine and you.I am very well.,1
subject:how are you bangladesh.  I am fine and you.I am very well.,1
subject:how are you bangladesh.  I am fine and you.I am very well.,1
subject:how are you bangladesh.  I am fine and you.I am very well.,1
subject:how are you bangladesh.  I am fine and you.I am very well.,1
subject:how are you bangladesh.  I am fine and you.I am very well.,1
subject:how are you bangladesh.  I am fine and you.I am very well.,1
subject:how are you bangladesh.  I am fine and you.I am very well.,1
subject:how are you bangladesh.  I am fine and you.I am very well.,1
subject:how are you bangladesh.  I am fine and you.I am very well.,1
subject:how are you bangladesh.  I am fine and you.I am very well.,1
subject:how are you bangladesh.  I am fine and you.I am very well.,1
subject:how are you bangladesh.  I am fine and you.I am very well.,1
subject:how are you bangladesh.  I am fine and you.I am very well.,1
subject:how are you bangladesh.  I am fine and you.I am very well.,1
subject:how are you bangladesh.  I am fine and you.I am very well.,1
subject:how are you bangladesh.  I am fine and you.I am very well.,1
subject:how are you bangladesh.  I am fine and you.I am very well.,1
subject:how are you bangladesh.  I am fine and you.I am very well.,1
subject:how are you bangladesh.  I am fine and you.I am very well.,1
subject:how are you bangladesh.  I am fine and you.I am very well.,1
subject:how are you bangladesh.  I am fine and you.I am very well.,1
subject:how are you bangladesh.  I am fine and you.I am very well.,1
subject:how are you bangladesh.  I am fine and you.I am very well.,1
subject:how are you bangladesh.  I am fine and you.I am very well.,1
subject:how are you bangladesh.  I am fine and you.I am very well.,1
subject:how are you bangladesh.  I am fine and you.I am very well.,1
subject:how are you bangladesh.  I am fine and you.I am very well.,1
subject:how are you bangladesh.  I am fine and you.I am very well.,1
subject:how are you bangladesh.  I am fine and you.I am very well.,1
subject:how are you bangladesh.  I am fine and you.I am very well.,1
subject:how are you bangladesh.  I am fine and you.I am very well.,1
subject:how are you bangladesh.  I am fine and you.I am very well.,1
subject:how are you bangladesh.  I am fine and you.I am very well.,1
subject:how are you bangladesh.  I am fine and you.I am very well.,1
subject:how are you bangladesh.  I am fine and you.I am very well.,1
subject:how are you bangladesh.  I am fine and you.I am very well.,1
subject:how are you bangladesh.  I am fine and you.I am very well.,1
subject:how are you bangladesh.  I am fine and you.I am very well.,1
subject:how are you bangladesh.  I am fine and you.I am very well.,1
subject:how are you bangladesh.  I am fine and you.I am very well.,1
subject:how are you bangladesh.  I am fine and you.I am very well.,1
subject:how are you bangladesh.  I am fine and you.I am very well.,1
subject:how are you bangladesh.  I am fine and you.I am very well.,1
subject:how are you bangladesh.  I am fine and you.I am very well.,1
subject:how are you bangladesh.  I am fine and you.I am very well.,1
subject:how are you bangladesh.  I am fine and you.I am very well.,1
subject:how are you bangladesh.  I am fine and you.I am very well.,1
subject:how are you bangladesh.  I am fine and you.I am very well.,1
subject:how are you bangladesh.  I am fine and you.I am very well.,1
subject:how are you bangladesh.  I am fine and you.I am very well.,1
subject:how are you bangladesh.  I am fine and you.I am very well.,1
subject:how are you bangladesh.  I am fine and you.I am very well.,1
subject:how are you bangladesh.  I am fine and you.I am very well.,1
subject:how are you bangladesh.  I am fine and you.I am very well.,1
subject:how are you bangladesh.  I am fine and you.I am very well.,1
subject:how are you bangladesh.  I am fine and you.I am very well.,1
subject:how are you bangladesh.  I am fine and you.I am very well.,1
subject:how are you bangladesh.  I am fine and you.I am very well.,1
subject:how are you bangladesh.  I am fine and you.I am very well.,1
subject:how are you bangladesh.  I am fine and you.I am very well.,1
subject:how are you bangladesh.  I am fine and you.I am very well.,1
subject:how are you bangladesh.  I am fine and you.I am very well.,1
subject:how are you bangladesh.  I am fine and you.I am very well.,1
subject:how are you bangladesh.  I am fine and you.I am very well.,1
subject:how are you bangladesh.  I am fine and you.I am very well.,1
subject:how are you bangladesh.  I am fine and you.I am very well.,1
subject:how are you bangladesh.  I am fine and you.I am very well.,1
subject:how are you bangladesh.  I am fine and you.I am very well.,1
subject:how are you bangladesh.  I am fine and you.I am very well.,1
subject:how are you bangladesh.  I am fine and you.I am very well.,1
subject:how are you bangladesh.  I am fine and you.I am very well.,1
subject:how are you bangladesh.  I am fine and you.I am very well.,1
subject:how are you bangladesh.  I am fine and you.I am very well.,1
subject:how are you bangladesh.  I am fine and you.I am very well.,1
subject:how are you bangladesh.  I am fine and you.I am very well.,1
subject:how are you bangladesh.  I am fine and you.I am very well.,1
subject:how are you bangladesh.  I am fine and you.I am very well.,1
subject:how are you bangladesh.  I am fine and you.I am very well.,1
subject:how are you bangladesh.  I am fine and you.I am very well.,1
subject:how are you bangladesh.  I am fine and you.I am very well.,1
subject:how are you bangladesh.  I am fine and you.I am very well.,1
subject:how are you bangladesh.  I am fine and you.I am very well.,1
subject:how are you bangladesh.  I am fine and you.I am very well.,1
subject:how are you bangladesh.  I am fine and you.I am very well.,1
subject:how are you bangladesh.  I am fine and you.I am very well.,1
subject:how are you bangladesh.  I am fine and you.I am very well.,1
subject:how are you bangladesh.  I am fine and you.I am very well.,1
subject:how are you bangladesh.  I am fine and you.I am very well.,1
subject:how are you bangladesh.  I am fine and you.I am very well.,1
subject:how are you bangladesh.  I am fine and you.I am very well.,1
subject:how are you bangladesh.  I am fine and you.I am very well.,1
subject:how are you bangladesh.  I am fine and you.I am very well.,1
subject:how are you bangladesh.  I am fine and you.I am very well.,1
subject:how are you bangladesh.  I am fine and you.I am very well.,1
subject:how are you bangladesh.  I am fine and you.I am very well.,1
subject:how are you bangladesh.  I am fine and you.I am very well.,1
subject:how are you bangladesh.  I am fine and you.I am very well.,1
subject:how are you bangladesh.  I am fine and you.I am very well.,1
subject:how are you bangladesh.  I am fine and you.I am very well.,1
subject:how are you bangladesh.  I am fine and you.I am very well.,1
subject:how are you bangladesh.  I am fine and you.I am very well.,1
subject:how are you bangladesh.  I am fine and you.I am very well.,1
subject:how are you bangladesh.  I am fine and you.I am very well.,1
subject:how are you bangladesh.  I am fine and you.I am very well.,1
subject:how are you bangladesh.  I am fine and you.I am very well.,1
subject:how are you bangladesh.  I am fine and you.I am very well.,1
subject:how are you bangladesh.  I am fine and you.I am very well.,1
subject:how are you bangladesh.  I am fine and you.I am very well.,1
subject:how are you bangladesh.  I am fine and you.I am very well.,1
subject:how are you bangladesh.  I am fine and you.I am very well.,1
subject:how are you bangladesh.  I am fine and you.I am very well.,1
subject:how are you bangladesh.  I am fine and you.I am very well.,1
subject:how are you bangladesh.  I am fine and you.I am very well.,1
subject:how are you bangladesh.  I am fine and you.I am very well.,1
subject:how are you bangladesh.  I am fine and you.I am very well.,1
subject:how are you bangladesh.  I am fine and you.I am very well.,1
subject:how are you bangladesh.  I am fine and you.I am very well.,1
subject:how are you bangladesh.  I am fine and you.I am very well.,1
subject:how are you bangladesh.  I am fine and you.I am very well.,1
subject:how are you bangladesh.  I am fine and you.I am very well.,1
subject:how are you bangladesh.  I am fine and you.I am very well.,1
subject:how are you bangladesh.  I am fine and you.I am very well.,1
subject:how are you bangladesh.  I am fine and you.I am very well.,1
subject:how are you bangladesh.  I am fine and you.I am very well.,1
subject:how are you bangladesh.  I am fine and you.I am very well.,1
subject:how are you bangladesh.  I am fine and you.I am very well.,1
subject:how are you bangladesh.  I am fine and you.I am very well.,1
subject:how are you bangladesh.  I am fine and you.I am very well.,1
subject:how are you bangladesh.  I am fine and you.I am very well.,1
subject:how are you bangladesh.  I am fine and you.I am very well.,1
subject:how are you bangladesh.  I am fine and you.I am very well.,1
subject:how are you bangladesh.  I am fine and you.I am very well.,1
subject:how are you bangladesh.  I am fine and you.I am very well.,1
subject:how are you bangladesh.  I am fine and you.I am very well.,1
subject:how are you bangladesh.  I am fine and you.I am very well.,1
subject:how are you bangladesh.  I am fine and you.I am very well.,1
subject:how are you bangladesh.  I am fine and you.I am very well.,1
subject:how are you bangladesh.  I am fine and you.I am very well.,1
subject:how are you bangladesh.  I am fine and you.I am very well.,1
subject:how are you bangladesh.  I am fine and you.I am very well.,1
subject:how are you bangladesh.  I am fine and you.I am very well.,1
subject:how are you bangladesh.  I am fine and you.I am very well.,1
subject:how are you bangladesh.  I am fine and you.I am very well.,1
subject:how are you bangladesh.  I am fine and you.I am very well.,1
subject:how are you bangladesh.  I am fine and you.I am very well.,1
subject:how are you bangladesh.  I am fine and you.I am very well.,1
subject:how are you bangladesh.  I am fine and you.I am very well.,1
subject:how are you bangladesh.  I am fine and you.I am very well.,1
subject:how are you bangladesh.  I am fine and you.I am very well.,1
subject:how are you bangladesh.  I am fine and you.I am very well.,1
subject:how are you bangladesh.  I am fine and you.I am very well.,1
subject:how are you bangladesh.  I am fine and you.I am very well.,1
subject:how are you bangladesh.  I am fine and you.I am very well.,1
subject:how are you bangladesh.  I am fine and you.I am very well.,1
subject:how are you bangladesh.  I am fine and you.I am very well.,1
subject:how are you bangladesh.  I am fine and you.I am very well.,1
subject:how are you bangladesh.  I am fine and you.I am very well.,1
subject:how are you bangladesh.  I am fine and you.I am very well.,1
subject:how are you bangladesh.  I am fine and you.I am very well.,1
subject:how are you bangladesh.  I am fine and you.I am very well.,1
subject:how are you bangladesh.  I am fine and you.I am very well.,1
subject:how are you bangladesh.  I am fine and you.I am very well.,1
subject:how are you bangladesh.  I am fine and you.I am very well.,1
subject:how are you bangladesh.  I am fine and you.I am very well.,1
subject:how are you bangladesh.  I am fine and you.I am very well.,1
subject:how are you bangladesh.  I am fine and you.I am very well.,1
subject:I love datascience.I am study Machine learning,0
subject: No body belive layer. I am all ready suceessful life.,0
subject: muna is a very beautifull girls in our collage. How are you.,0
subject:I love datascience.I am study Machine learning,0
subject: No body belive layer. I am all ready suceessful life.,0
subject: muna is a very beautifull girls in our collage. How are you.,0
subject:I love datascience.I am study Machine learning,0
subject: No body belive layer. I am all ready suceessful life.,0
subject: muna is a very beautifull girls in our collage. How are you.,0
subject:I love datascience.I am study Machine learning,0
subject: No body belive layer. I am all ready suceessful life.,0
subject: muna is a very beautifull girls in our collage. How are you.,0
subject:I love datascience.I am study Machine learning,0
subject: No body belive layer. I am all ready suceessful life.,0
subject: muna is a very beautifull girls in our collage. How are you.,0
subject:I love datascience.I am study Machine learning,0
subject: No body belive layer. I am all ready suceessful life.,0
subject: muna is a very beautifull girls in our collage. How are you.,0
subject:I love datascience.I am study Machine learning,0
subject: No body belive layer. I am all ready suceessful life.,0
subject: muna is a very beautifull girls in our collage. How are you.,0
subject:I love datascience.I am study Machine learning,0
subject: No body belive layer. I am all ready suceessful life.,0
subject: muna is a very beautifull girls in our collage. How are you.,0
subject:I love datascience.I am study Machine learning,0
subject: No body belive layer. I am all ready suceessful life.,0
subject: muna is a very beautifull girls in our collage. How are you.,0
subject:I love datascience.I am study Machine learning,0
subject: No body belive layer. I am all ready suceessful life.,0
subject: muna is a very beautifull girls in our collage. How are you.,0
subject:I love datascience.I am study Machine learning,0
subject: No body belive layer. I am all ready suceessful life.,0
subject: muna is a very beautifull girls in our collage. How are you.,0
subject:I love datascience.I am study Machine learning,0
subject: No body belive layer. I am all ready suceessful life.,0
subject: muna is a very beautifull girls in our collage. How are you.,0
subject:I love datascience.I am study Machine learning,0
subject: No body belive layer. I am all ready suceessful life.,0
subject: muna is a very beautifull girls in our collage. How are you.,0
subject:I love datascience.I am study Machine learning,0
subject: No body belive layer. I am all ready suceessful life.,0
subject: muna is a very beautifull girls in our collage. How are you.,0
subject:I love datascience.I am study Machine learning,0
subject: No body belive layer. I am all ready suceessful life.,0
subject: muna is a very beautifull girls in our collage. How are you.,0
subject:I love datascience.I am study Machine learning,0
subject: No body belive layer. I am all ready suceessful life.,0
subject: muna is a very beautifull girls in our collage. How are you.,0
subject:I love datascience.I am study Machine learning,0
subject: No body belive layer. I am all ready suceessful life.,0
subject: muna is a very beautifull girls in our collage. How are you.,0
subject:I love datascience.I am study Machine learning,0
subject: No body belive layer. I am all ready suceessful life.,0
subject: muna is a very beautifull girls in our collage. How are you.,0
subject:I love datascience.I am study Machine learning,0
subject: No body belive layer. I am all ready suceessful life.,0
subject: muna is a very beautifull girls in our collage. How are you.,0
subject:I love datascience.I am study Machine learning,0
subject: No body belive layer. I am all ready suceessful life.,0
subject: muna is a very beautifull girls in our collage. How are you.,0
subject:I love datascience.I am study Machine learning,0
subject: No body belive layer. I am all ready suceessful life.,0
subject: muna is a very beautifull girls in our collage. How are you.,0
subject:I love datascience.I am study Machine learning,0
subject: No body belive layer. I am all ready suceessful life.,0
subject: muna is a very beautifull girls in our collage. How are you.,0
subject:I love datascience.I am study Machine learning,0
subject: No body belive layer. I am all ready suceessful life.,0
subject: muna is a very beautifull girls in our collage. How are you.,0
subject:I love datascience.I am study Machine learning,0
subject: No body belive layer. I am all ready suceessful life.,0
subject: muna is a very beautifull girls in our collage. How are you.,0
subject:I love datascience.I am study Machine learning,0
subject: No body belive layer. I am all ready suceessful life.,0
subject: muna is a very beautifull girls in our collage. How are you.,0
subject:I love datascience.I am study Machine learning,0
subject: No body belive layer. I am all ready suceessful life.,0
subject: muna is a very beautifull girls in our collage. How are you.,0
subject:I love datascience.I am study Machine learning,0
subject: No body belive layer. I am all ready suceessful life.,0
subject: muna is a very beautifull girls in our collage. How are you.,0
subject:I love datascience.I am study Machine learning,0
subject: No body belive layer. I am all ready suceessful life.,0
subject: muna is a very beautifull girls in our collage. How are you.,0
subject:I love datascience.I am study Machine learning,0
subject: No body belive layer. I am all ready suceessful life.,0
subject: muna is a very beautifull girls in our collage. How are you.,0
subject:I love datascience.I am study Machine learning,0
subject: No body belive layer. I am all ready suceessful life.,0
subject: muna is a very beautifull girls in our collage. How are you.,0
subject:I love datascience.I am study Machine learning,0
subject: No body belive layer. I am all ready suceessful life.,0
subject: muna is a very beautifull girls in our collage. How are you.,0
subject:I love datascience.I am study Machine learning,0
subject: No body belive layer. I am all ready suceessful life.,0
subject: muna is a very beautifull girls in our collage. How are you.,0
subject:I love datascience.I am study Machine learning,0
subject: No body belive layer. I am all ready suceessful life.,0
subject: muna is a very beautifull girls in our collage. How are you.,0
subject:I love datascience.I am study Machine learning,0
subject: No body belive layer. I am all ready suceessful life.,0
subject: muna is a very beautifull girls in our collage. How are you.,0
subject:I love datascience.I am study Machine learning,0
subject: No body belive layer. I am all ready suceessful life.,0
subject: muna is a very beautifull girls in our collage. How are you.,0
subject:I love datascience.I am study Machine learning,0
subject: No body belive layer. I am all ready suceessful life.,0
subject: muna is a very beautifull girls in our collage. How are you.,0
subject:I love datascience.I am study Machine learning,0
subject: No body belive layer. I am all ready suceessful life.,0
subject: muna is a very beautifull girls in our collage. How are you.,0
subject:I love datascience.I am study Machine learning,0
subject: No body belive layer. I am all ready suceessful life.,0
subject: muna is a very beautifull girls in our collage. How are you.,0
subject:I love datascience.I am study Machine learning,0
subject: No body belive layer. I am all ready suceessful life.,0
subject: muna is a very beautifull girls in our collage. How are you.,0
subject:I love datascience.I am study Machine learning,0
subject: No body belive layer. I am all ready suceessful life.,0
subject: muna is a very beautifull girls in our collage. How are you.,0
subject:I love datascience.I am study Machine learning,0
subject: No body belive layer. I am all ready suceessful life.,0
subject: No body belive layer. I am all ready suceessful life.,0
subject: muna is a very beautifull girls in our collage. How are you.,0
subject:I love datascience.I am study Machine learning,0
subject: No body belive layer. I am all ready suceessful life.,0
subject: muna is a very beautifull girls in our collage. How are you.,0
subject:I love datascience.I am study Machine learning,0
subject: No body belive layer. I am all ready suceessful life.,0
subject: muna is a very beautifull girls in our collage. How are you.,0
subject:I love datascience.I am study Machine learning,0
subject: No body belive layer. I am all ready suceessful life.,0
subject: muna is a very beautifull girls in our collage. How are you.,0
subject:I love datascience.I am study Machine learning,0
subject: No body belive layer. I am all ready suceessful life.,0
subject: muna is a very beautifull girls in our collage. How are you.,0
subject:I love datascience.I am study Machine learning,0
subject: No body belive layer. I am all ready suceessful life.,0
subject: No body belive layer. I am all ready suceessful life.,0
subject: muna is a very beautifull girls in our collage. How are you.,0
subject:I love datascience.I am study Machine learning,0
subject: No body belive layer. I am all ready suceessful life.,0
subject: muna is a very beautifull girls in our collage. How are you.,0
subject:I love datascience.I am study Machine learning,0
subject: No body belive layer. I am all ready suceessful life.,0
subject: muna is a very beautifull girls in our collage. How are you.,0
subject:I love datascience.I am study Machine learning,0
subject: No body belive layer. I am all ready suceessful life.,0
subject: muna is a very beautifull girls in our collage. How are you.,0
subject:I love datascience.I am study Machine learning,0
subject: No body belive layer. I am all ready suceessful life.,0
subject: muna is a very beautifull girls in our collage. How are you.,0
subject:I love datascience.I am study Machine learning,0
subject: No body belive layer. I am all ready suceessful life.,0
subject: No body belive layer. I am all ready suceessful life.,0
subject: muna is a very beautifull girls in our collage. How are you.,0
subject:I love datascience.I am study Machine learning,0
subject: No body belive layer. I am all ready suceessful life.,0
subject: muna is a very beautifull girls in our collage. How are you.,0
subject:I love datascience.I am study Machine learning,0
subject: No body belive layer. I am all ready suceessful life.,0
subject: muna is a very beautifull girls in our collage. How are you.,0
subject:I love datascience.I am study Machine learning,0
subject: No body belive layer. I am all ready suceessful life.,0
subject: muna is a very beautifull girls in our collage. How are you.,0
subject:I love datascience.I am study Machine learning,0
subject: No body belive layer. I am all ready suceessful life.,0
subject: muna is a very beautifull girls in our collage. How are you.,0
subject:I love datascience.I am study Machine learning,0
subject: No body belive layer. I am all ready suceessful life.,0
subject: No body belive layer. I am all ready suceessful life.,0
subject: muna is a very beautifull girls in our collage. How are you.,0
subject:I love datascience.I am study Machine learning,0
subject: No body belive layer. I am all ready suceessful life.,0
subject: muna is a very beautifull girls in our collage. How are you.,0
subject:I love datascience.I am study Machine learning,0
subject: No body belive layer. I am all ready suceessful life.,0
subject: muna is a very beautifull girls in our collage. How are you.,0
subject:I love datascience.I am study Machine learning,0
subject: No body belive layer. I am all ready suceessful life.,0
subject: muna is a very beautifull girls in our collage. How are you.,0
subject:I love datascience.I am study Machine learning,0
subject: No body belive layer. I am all ready suceessful life.,0
subject: muna is a very beautifull girls in our collage. How are you.,0
subject:I love datascience.I am study Machine learning,0
subject: No body belive layer. I am all ready suceessful life.,0
subject: No body belive layer. I am all ready suceessful life.,0
subject: muna is a very beautifull girls in our collage. How are you.,0
subject:I love datascience.I am study Machine learning,0
subject: No body belive layer. I am all ready suceessful life.,0
subject: muna is a very beautifull girls in our collage. How are you.,0
subject:I love datascience.I am study Machine learning,0
subject: No body belive layer. I am all ready suceessful life.,0
subject: muna is a very beautifull girls in our collage. How are you.,0
subject:I love datascience.I am study Machine learning,0
subject: No body belive layer. I am all ready suceessful life.,0
subject: muna is a very beautifull girls in our collage. How are you.,0
subject:I love datascience.I am study Machine learning,0
subject: No body belive layer. I am all ready suceessful life.,0
subject: muna is a very beautifull girls in our collage. How are you.,0
subject:I love datascience.I am study Machine learning,0
subject: No body belive layer. I am all ready suceessful life.,0
subject: No body belive layer. I am all ready suceessful life.,0
subject: muna is a very beautifull girls in our collage. How are you.,0
subject:I love datascience.I am study Machine learning,0
subject: No body belive layer. I am all ready suceessful life.,0
subject: muna is a very beautifull girls in our collage. How are you.,0
subject:I love datascience.I am study Machine learning,0
subject: No body belive layer. I am all ready suceessful life.,0
subject: muna is a very beautifull girls in our collage. How are you.,0
subject:I love datascience.I am study Machine learning,0
subject: No body belive layer. I am all ready suceessful life.,0
subject: muna is a very beautifull girls in our collage. How are you.,0
subject:I love datascience.I am study Machine learning,0
subject: No body belive layer. I am all ready suceessful life.,0
subject: muna is a very beautifull girls in our collage. How are you.,0
subject:I love datascience.I am study Machine learning,0
subject: No body belive layer. I am all ready suceessful life.,0
subject: No body belive layer. I am all ready suceessful life.,0
subject: muna is a very beautifull girls in our collage. How are you.,0
subject:I love datascience.I am study Machine learning,0
subject: No body belive layer. I am all ready suceessful life.,0
subject: muna is a very beautifull girls in our collage. How are you.,0
subject:I love datascience.I am study Machine learning,0
subject: No body belive layer. I am all ready suceessful life.,0
subject: muna is a very beautifull girls in our collage. How are you.,0
subject:I love datascience.I am study Machine learning,0
subject: No body belive layer. I am all ready suceessful life.,0
subject: muna is a very beautifull girls in our collage. How are you.,0
subject:I love datascience.I am study Machine learning,0
subject: No body belive layer. I am all ready suceessful life.,0
subject: muna is a very beautifull girls in our collage. How are you.,0
subject:I love datascience.I am study Machine learning,0
subject: No body belive layer. I am all ready suceessful life.,0
subject: No body belive layer. I am all ready suceessful life.,0
subject: muna is a very beautifull girls in our collage. How are you.,0
subject:I love datascience.I am study Machine learning,0
subject: No body belive layer. I am all ready suceessful life.,0
subject: muna is a very beautifull girls in our collage. How are you.,0
subject:I love datascience.I am study Machine learning,0
subject: No body belive layer. I am all ready suceessful life.,0
subject: muna is a very beautifull girls in our collage. How are you.,0
subject:I love datascience.I am study Machine learning,0
subject: No body belive layer. I am all ready suceessful life.,0
subject: muna is a very beautifull girls in our collage. How are you.,0
subject:I love datascience.I am study Machine learning,0
subject: No body belive layer. I am all ready suceessful life.,0
subject: muna is a very beautifull girls in our collage. How are you.,0
subject:I love datascience.I am study Machine learning,0
subject: No body belive layer. I am all ready suceessful life.,0
subject: No body belive layer. I am all ready suceessful life.,0
subject: muna is a very beautifull girls in our collage. How are you.,0
subject:I love datascience.I am study Machine learning,0
subject: No body belive layer. I am all ready suceessful life.,0
subject: muna is a very beautifull girls in our collage. How are you.,0
subject:I love datascience.I am study Machine learning,0
subject: No body belive layer. I am all ready suceessful life.,0
subject: muna is a very beautifull girls in our collage. How are you.,0
subject:I love datascience.I am study Machine learning,0
subject: No body belive layer. I am all ready suceessful life.,0
subject: muna is a very beautifull girls in our collage. How are you.,0
subject:I love datascience.I am study Machine learning,0
subject: No body belive layer. I am all ready suceessful life.,0
subject: muna is a very beautifull girls in our collage. How are you.,0
subject:I love datascience.I am study Machine learning,0
subject: No body belive layer. I am all ready suceessful life.,0
subject: No body belive layer. I am all ready suceessful life.,0
subject: muna is a very beautifull girls in our collage. How are you.,0
subject:I love datascience.I am study Machine learning,0
subject: No body belive layer. I am all ready suceessful life.,0
subject: muna is a very beautifull girls in our collage. How are you.,0
subject:I love datascience.I am study Machine learning,0
subject: No body belive layer. I am all ready suceessful life.,0
subject: muna is a very beautifull girls in our collage. How are you.,0
subject:I love datascience.I am study Machine learning,0
subject: No body belive layer. I am all ready suceessful life.,0
subject: muna is a very beautifull girls in our collage. How are you.,0
subject:I love datascience.I am study Machine learning,0
subject: No body belive layer. I am all ready suceessful life.,0
subject: muna is a very beautifull girls in our collage. How are you.,0
subject:I love datascience.I am study Machine learning,0
subject: No body belive layer. I am all ready suceessful life.,0
subject: No body belive layer. I am all ready suceessful life.,0
subject: muna is a very beautifull girls in our collage. How are you.,0
subject:I love datascience.I am study Machine learning,0
subject: No body belive layer. I am all ready suceessful life.,0
subject: muna is a very beautifull girls in our collage. How are you.,0
subject:I love datascience.I am study Machine learning,0
subject: No body belive layer. I am all ready suceessful life.,0
subject: muna is a very beautifull girls in our collage. How are you.,0
subject:I love datascience.I am study Machine learning,0
subject: No body belive layer. I am all ready suceessful life.,0
subject: muna is a very beautifull girls in our collage. How are you.,0
subject:I love datascience.I am study Machine learning,0
subject: No body belive layer. I am all ready suceessful life.,0
subject: muna is a very beautifull girls in our collage. How are you.,0
subject:I love datascience.I am study Machine learning,0
subject: No body belive layer. I am all ready suceessful life.,0
subject: No body belive layer. I am all ready suceessful life.,0
subject: muna is a very beautifull girls in our collage. How are you.,0
subject:I love datascience.I am study Machine learning,0
subject: No body belive layer. I am all ready suceessful life.,0
